{"count":1,"self":117.3701888,"total":117.831385,"children":{"InitializeActuators":{"count":1,"self":0.00088499999999999994,"total":0.00088499999999999994,"children":null},"InitializeSensors":{"count":1,"self":0.00088899999999999992,"total":0.00088899999999999992,"children":null},"AgentSendState":{"count":5535,"self":0.033815,"total":0.286561,"children":{"CollectObservations":{"count":1107,"self":0.0012029999999999999,"total":0.0012029999999999999,"children":null},"WriteActionMask":{"count":1107,"self":0.0018449999999999999,"total":0.0018449999999999999,"children":null},"RequestDecision":{"count":1107,"self":0.24969799999999998,"total":0.24969799999999998,"children":null}}},"DecideAction":{"count":5535,"self":0.156767,"total":0.156767,"children":null},"AgentAct":{"count":5535,"self":0.015785,"total":0.015785,"children":null}},"gauges":{},"metadata":{"timer_format_version":"0.1.0","start_time_seconds":"1717475636","unity_version":"2021.3.36f1","command_line_arguments":"\/Applications\/Unity\/Hub\/Editor\/2021.3.36f1\/Unity.app\/Contents\/MacOS\/Unity -projectpath \/Users\/jesusponce\/Downloads\/CS467_Breakout-ML-Jesus_working_MLagent -useHub -hubIPC -cloudEnvironment production -licensingIpc LicenseClient-jesusponce -hubSessionId 37151831-2ae7-49e1-885c-60e26a79f3ac -accessToken 5c0mGD0kiNx3xSZS8cHEvjBBuCsKDYYQC4id6RlJ0X4001f","communication_protocol_version":"1.5.0","com.unity.ml-agents_version":"2.0.1","scene_name":"MainGameScreen","end_time_seconds":"1717475754"}}